Feature Category,Specific Feature,Implementation Status,User Benefit,Time Saved (minutes)
Insurance Processing,OCR Document Upload,Complete,Automated data entry,15
Insurance Processing,Coverage Extraction,Complete,Instant coverage analysis,10
Insurance Processing,Insurance Validation,Complete,Error reduction,5
Health Preferences,Adaptive Questionnaire,Complete,Personalized care,20
Health Preferences,Health Profile Generation,Complete,Tailored recommendations,10
Health Preferences,Preference Learning,Complete,Improved accuracy,5
AI Scheduling,Annual Calendar Creation,Complete,Proactive scheduling,60
AI Scheduling,Provider Matching,Complete,Optimal provider matching,30
AI Scheduling,Appointment Optimization,Complete,Reduced conflicts,15
User Experience,Responsive Web Design,Complete,Easy access,5
User Experience,Real-time Updates,Complete,Real-time information,10
User Experience,Multi-device Support,Complete,Convenience,5
Privacy & Security,PIPEDA Compliance,Complete,Data protection,30
Privacy & Security,Data Encryption,Complete,Secure handling,20
Privacy & Security,User Consent Management,Complete,Transparent control,10
Provider Integration,Provider Communication,Complete,Streamlined booking,25
Provider Integration,Appointment Confirmation,Complete,Confirmed appointments,15
